date,subreddit,com_num,com_mean,com_median,com_max
20230424,Hongkong,101,8.801980198019802,5.0,61
20230424,Hongkong,101,8.801980198019802,5.0,61
20230424,Hongkong,101,8.801980198019802,5.0,61
20230424,Hongkong,101,8.801980198019802,5.0,61
20230424,Hongkong,101,8.801980198019802,5.0,61
20230424,Hongkong,101,8.801980198019802,5.0,61
20230424,Hongkong,101,8.900990099009901,5.0,61
20230424,Hongkong,4,7.5,9.0,11
20230424,Hongkong,14,7.785714285714286,7.5,18
20230425,Hongkong,101,8.594059405940595,5.0,61
20230425,Hongkong,25,9.48,5.0,36
20230425,Hongkong,25,9.48,5.0,36
20230425,hongkong,25,9.48,5.0,36
